1 0,ᚪ,32980041641
1 0,ᛁ,8786788041
1 0,ᛋ,1616442875
1 0,ᛗ,620505984
1 0,ᚢ,863823482
1 0,ᛉ,184923587
1 0,ᛏ,391068836
1 0,ᛒ,623097152
1 0,ᛖ,601880369
1 0,ᛞ,526706972
1 0,ᚾ,354312269
1 0,ᚣ,176218382
1 0,ᚳ,1153687278
1 0,ᚹ,421499983
1 0,ᛂ,637584321
1 0,ᚻ,464114524
1 0,ᛚ,485696444
1 0,ᛈ,1302737753
1 0,ᚠ,368342237
1 0,ᚱ,435366824
1 0,ᚷ,304241413
1 0,ᚩ,270766465
1 0,ᛝ,75421901
1 0,ᚦ,32310820
1 0,ᛡ,23853167
1 0,ᚫ,5423839
1 0,ᛠ,6542583
1 0,ᛟ,2515653
1 0,S,88423434060
10 0,ᚳ,5563527850
10 1,ᚩ,6325468376
10 2,ᚾ,3495313762
10 3,ᛋ,2066549186
10 4,ᛏ,2072435325
10 5,ᛁ,4338350243
10 6,ᛏ,5885752936
10 7,ᚢ,1355685584
10 8,ᛏ,3802129586
10 9,ᛖ,5785917430
10 0,ᚱ,2599295546
10 1,ᛖ,7178687635
10 2,ᛈ,4318864124
10 3,ᚱ,2471094439
10 4,ᛖ,5173095157
10 5,ᛋ,2743253033
10 6,ᛖ,3357410912
10 7,ᚾ,4675644976
10 9,ᛋ,8622120949
10 4,ᛁ,5203648279
10 5,ᛞ,1500193595
10 7,ᚱ,1658213575
10 8,ᛖ,8257656142
10 9,ᛞ,4794242758
10 0,ᛖ,2858668621
10 1,ᛋ,793716815
10 2,ᛏ,2973631904
10 3,ᚪ,2629664001
10 4,ᛒ,532451068
10 5,ᛚ,1604131767
10 6,ᛁ,4166948840
10 7,ᛋ,1433360767
10 8,ᚻ,246891924
10 9,ᛝ,723556345
10 0,ᛁ,4480392736
10 1,ᚾ,5312759547
10 4,ᚩ,2907826712
10 6,ᚢ,2196432230
10 7,ᚳ,1519202564
10 2,ᛋ,3763490721
10 3,ᛖ,6351319454
10 4,ᚾ,1963766792
10 5,ᛏ,4535507232
10 6,ᛡ,800423952
10 7,ᛚ,1679989682
10 8,ᛚ,3256356388
10 9,ᚣ,4817500332
10 0,ᛗ,1638695803
10 1,ᚪ,2801258753
10 2,ᛁ,2228138565
10 3,ᚾ,1604605014
10 5,ᚪ,3234246639
10 1,ᛉ,1074765060
10 4,ᚱ,7927748060
10 8,ᚳ,2633916602
10 5,ᚱ,4375505924
10 0,ᛞ,3391609245
10 1,ᛁ,2605103614
10 3,ᚳ,2713869969
10 5,ᚢ,1690876918
10 0,ᛈ,3826558474
10 1,ᚱ,3378882376
10 2,ᚩ,1678346216
10 3,ᚢ,2839799040
10 2,ᚱ,3006706450
10 5,ᚾ,3666445668
10 6,ᚪ,7663829988
10 0,ᚪ,4160334947
10 1,ᛈ,1295127828
10 5,ᛖ,2915283367
10 6,ᚾ,1874318680
10 7,ᛏ,8328718170
10 0,ᚷ,1274740660
10 2,ᚢ,1921510650
10 6,ᛗ,3764527000
10 7,ᛖ,6367528806
10 8,ᚾ,6724353177
10 9,ᛏ,4763253939
10 0,ᚩ,726374882
10 3,ᚷ,412762990
10 3,ᛈ,2410021469
10 6,ᛞ,618523929
10 2,ᛗ,2601134510
10 3,ᛗ,1045120397
10 6,ᚹ,262370578
10 7,ᛠ,81153558
10 9,ᚦ,72485271
10 8,ᛡ,5742580672
10 9,ᚾ,5969372106
10 2,ᚠ,2034425317
10 3,ᚩ,3203137091
10 5,ᛗ,1990329998
10 0,ᛏ,1121849064
10 2,ᚪ,1870405462
10 4,ᛋ,2419422366
10 0,ᚢ,1982441725
10 2,ᛞ,1355288166
10 7,ᚪ,1646965403
10 1,ᛗ,1320279090
10 3,ᛚ,2086152401
10 1,ᛞ,592940649
10 2,ᛖ,1988240442
10 6,ᚠ,262992265
10 7,ᛁ,4975425067
10 0,ᚠ,961202772
10 1,ᚢ,2641779726
10 3,ᚦ,145428218
10 7,ᚩ,1635336883
10 8,ᚱ,1944378310
10 3,ᛏ,3131610752
10 1,ᚣ,201710053
10 4,ᚳ,1491265814
10 5,ᚻ,387821600
10 6,ᚱ,1442377784
10 8,ᛗ,166509509
10 6,ᛋ,2509566111
10 4,ᚹ,300448276
10 9,ᛁ,45975313
10 3,ᛒ,309274098
10 1,ᚻ,612770348
10 4,ᛚ,1817128321
10 8,ᚩ,721526633
10 4,ᚷ,1451366174
10 5,ᚳ,3265659378
10 8,ᚪ,2433691884
10 9,ᚱ,1121328681
10 1,ᚠ,216731315
10 5,ᚹ,224702323
10 8,ᛞ,284333446
10 1,ᚳ,1308386368
10 2,ᚳ,2907801688
10 4,ᛗ,821452070
10 5,ᛈ,895801171
10 6,ᛚ,1637514462
10 8,ᛋ,898510038
10 9,ᚻ,128919486
10 3,ᛁ,3817175695
10 0,ᛋ,3196369034
10 2,ᛒ,987339728
10 1,ᛚ,907757699
10 2,ᛚ,1432790069
10 6,ᛒ,276966175
10 4,ᚢ,2157615361
10 9,ᛚ,2321356847
10 7,ᛒ,1149093183
10 2,ᚷ,1002141329
10 0,ᛚ,845781276
10 8,ᛁ,977185127
10 3,ᚻ,754131794
10 5,ᚩ,1223181934
10 8,ᚷ,544288741
10 6,ᛈ,733591632
10 6,ᚳ,1383874398
10 7,ᚻ,431811815
10 3,ᚠ,1164588648
10 4,ᛞ,735071523
10 5,ᛡ,491569945
10 7,ᛗ,180698478
10 5,ᛒ,379645392
10 4,ᚠ,140988395
10 1,ᛏ,1042932405
10 7,ᚷ,296144236
10 7,ᛡ,1911888817
10 8,ᚢ,1547925126
10 0,ᚾ,420743890
10 4,ᚦ,45362168
10 4,ᚻ,404472096
10 0,ᛒ,582196882
10 6,ᚩ,964477344
10 1,ᛟ,40297425
10 4,ᚪ,1819103338
10 4,ᚣ,128794093
10 6,ᚻ,380821343
10 9,ᚩ,31206744
10 5,ᚣ,300872461
10 8,ᚣ,46652607
10 7,ᛈ,231534551
10 7,ᛞ,321417757
10 1,ᛒ,397656493
10 2,ᚣ,137001600
10 4,ᛝ,143981545
10 2,ᚦ,264284050
10 7,ᚹ,137291006
10 5,ᚠ,239874407
10 0,ᚻ,620396790
10 6,ᚷ,141216204
10 2,ᛂ,164283552
10 7,ᚠ,379088746
10 7,ᛉ,9554059
10 8,ᛈ,124181653
10 9,ᛈ,166955372
10 8,ᚠ,71973767
10 3,ᛞ,702272413
10 1,ᚹ,107553559
10 5,ᚷ,424424090
10 1,ᛠ,139522293
10 2,ᛝ,41414356
10 9,ᛗ,333883777
10 2,ᚹ,180808118
10 4,ᛈ,631521913
10 7,ᚦ,43756725
10 3,ᚣ,59691209
10 8,ᚹ,55271394
10 7,ᛝ,26325544
10 1,ᚷ,122685349
10 0,ᚹ,164333101
10 2,ᚻ,106414124
10 3,ᚹ,149483259
10 3,ᛡ,191733663
10 6,ᛠ,72391831
10 0,ᚣ,10364860
10 4,ᚫ,11326917
10 6,ᛉ,43378207
10 3,ᛂ,124370709
10 3,ᛠ,92144609
10 8,ᛝ,44084948
10 0,ᛂ,49962222
10 1,ᛡ,73432176
10 3,ᛉ,39634932
10 5,ᛝ,25572536
10 4,ᛠ,87214145
10 6,ᚣ,91483559
10 9,ᚷ,41073067
10 7,ᚣ,35620876
10 0,ᚦ,52397036
10 9,ᚳ,714113775
10 8,ᛒ,5478926
10 4,ᛡ,132907175
10 4,ᛉ,16311254
10 5,ᚦ,59706347
10 9,ᚪ,54529568
10 9,ᚹ,5610648
10 3,ᛝ,24945376
10 1,ᛝ,13576100
10 7,ᛇ,38437492
10 6,ᛟ,1040950
10 5,ᛇ,15634011
10 0,ᛡ,1684397
10 2,ᛠ,35463184
10 9,ᛡ,26704914
10 1,ᚫ,5571998
10 4,ᛇ,14041061
10 2,ᛉ,24977822
10 3,ᛇ,9182300
10 8,ᛉ,1597097
10 1,ᚦ,4333656
10 0,ᚫ,15978175
10 0,ᛠ,5344053
10 5,ᛠ,9168842
10 7,ᛂ,2907489
10 9,ᚢ,3792781
10 6,ᚦ,11168523
10 1,ᛇ,35566389
10 2,ᛡ,7427375
10 5,ᛂ,324167
10 1,ᛂ,1970050
10 8,ᚦ,9597021
10 5,ᛉ,14741065
10 9,ᛠ,549033
10 2,ᛇ,24388401
10 8,ᛟ,1068008
10 6,ᛇ,2945502
10 9,ᚠ,5241072
10 9,ᛉ,2871665
10 8,ᛠ,10775859
10 6,ᛝ,6252672
10 0,ᛇ,829183
10 4,ᛂ,2345656
10 2,ᚫ,1177766
10 3,ᚫ,2112643
10 9,ᚫ,593254
10 6,ᚫ,405021
10 0,ᛉ,953196
10 6,ᛂ,220117
10 8,ᛇ,304406
10 5,ᚫ,292672
10 7,ᛟ,265853
10 4,ᛟ,112091
10 7,ᚫ,161483
10 5,ᛟ,106420
10 9,ᛒ,56171
10 2,ᛟ,13694
10 3,ᛟ,1347376
10 9,ᛟ,11847
10 0,ᛟ,167059
10 0,ᛝ,29666
10 8,ᚫ,4154
11 0,ᚾ,329988747
11 1,ᚩ,4052382988
11 2,ᚱ,1943228896
11 3,ᚦ,66346381
11 4,ᚹ,152551730
11 5,ᛖ,1451379650
11 6,ᛋ,1577740362
11 7,ᛏ,3800221216
11 8,ᛖ,2690985790
11 9,ᚱ,1639527424
11 10,ᚾ,3393676169
11 0,ᛋ,1262489762
11 1,ᛁ,1543910557
11 2,ᚷ,913550205
11 3,ᚾ,1246023258
11 4,ᛁ,2644928872
11 5,ᚠ,561454737
11 6,ᛁ,2901929416
11 7,ᚳ,1451983718
11 8,ᚪ,1611120497
11 9,ᚾ,3913366674
11 10,ᛏ,2367231884
11 0,ᛗ,950409573
11 1,ᚪ,1185663379
11 2,ᚾ,2744059441
11 3,ᚢ,1107049619
11 4,ᚠ,385415997
11 5,ᚪ,1000803783
11 6,ᚳ,1352358684
11 8,ᚢ,915705205
11 10,ᛝ,637958826
11 0,ᛞ,2130277992
11 1,ᛖ,4355301585
11 2,ᚢ,1487862692
11 3,ᛖ,3586583504
11 4,ᛚ,1385329992
11 5,ᚩ,1254586577
11 6,ᛈ,1143037370
11 7,ᛗ,1655460571
11 0,ᚠ,359055009
11 1,ᚢ,918668226
11 3,ᛞ,272425539
11 4,ᚪ,975440861
11 5,ᛗ,838039754
11 6,ᛖ,2377486962
11 7,ᚾ,1888180054
11 8,ᛏ,4964041203
11 9,ᚪ,1058022356
11 10,ᛚ,1162789896
11 0,ᛏ,854872619
11 2,ᛗ,1488592650
11 3,ᛈ,1382798024
11 4,ᛖ,2717022646
11 5,ᚱ,2713013055
11 6,ᚪ,2751022136
11 10,ᛖ,3619494915
11 0,ᚳ,3908048848
11 3,ᚠ,946886127
11 5,ᛞ,686422878
11 9,ᛡ,3398301483
11 0,ᛁ,2417968805
11 1,ᚾ,3100867010
11 2,ᛞ,910684077
11 4,ᛈ,530813686
11 6,ᚾ,1354130352
11 7,ᛞ,368809817
11 1,ᛏ,192301744
11 2,ᚪ,995991090
11 3,ᛏ,2264759391
11 5,ᛋ,1705515520
11 6,ᛏ,1937441367
11 7,ᛁ,1327196840
11 8,ᚳ,841722079
11 2,ᚳ,1321488732
11 3,ᚱ,1404128512
11 4,ᚩ,1687333661
11 7,ᚩ,370230578
11 8,ᛈ,375961263
11 9,ᛁ,652501118
11 10,ᚳ,260383737
11 0,ᛈ,2532540900
11 1,ᚱ,2177150375
11 2,ᛖ,809510414
11 3,ᛚ,993701068
11 10,ᚣ,2472719322
11 0,ᚢ,751390559
11 2,ᛈ,1815728671
11 4,ᛒ,465130543
11 5,ᛚ,1066943798
11 7,ᛋ,1251454956
11 8,ᚻ,828999823
11 9,ᛖ,3816759657
11 10,ᛞ,2354236555
11 2,ᚩ,918547530
11 7,ᛡ,665746157
11 8,ᚾ,2910684305
11 3,ᚳ,989183120
11 4,ᛏ,1732278793
11 5,ᛁ,3059942576
11 7,ᚪ,4028982906
11 8,ᛚ,533972930
11 9,ᛚ,1742407660
11 2,ᛝ,92430243
11 8,ᛁ,2619719962
11 9,ᚢ,1116245797
11 0,ᚪ,1751755888
11 1,ᚷ,140597061
11 3,ᛁ,1987068890
11 4,ᚳ,708619728
11 5,ᚢ,1279353373
11 6,ᛚ,817358515
11 0,ᛖ,1693734242
11 3,ᚣ,42012935
11 6,ᚩ,581258408
11 7,ᛈ,343897810
11 8,ᚫ,3590774
11 9,ᛞ,383934911
11 10,ᛡ,231767584
11 0,ᚱ,1305750293
11 2,ᛋ,2315441925
11 5,ᚾ,1724610641
11 8,ᛒ,574863790
11 3,ᛋ,1881770565
11 6,ᛗ,1094689372
11 9,ᚳ,938085288
11 4,ᚾ,952203136
11 6,ᚱ,1323357326
11 10,ᛈ,327397230
11 6,ᚢ,1392888088
11 4,ᚱ,3701005839
11 5,ᛏ,1713526374
11 5,ᚳ,1072312983
11 1,ᛚ,510644186
11 2,ᛏ,1618168345
11 1,ᚳ,603981370
11 4,ᛗ,633943938
11 2,ᚦ,146266812
11 0,ᚻ,269077991
11 3,ᚪ,1384668775
11 8,ᚱ,394036902
11 7,ᚢ,1452449537
11 10,ᚱ,448235157
11 4,ᛋ,1759664816
11 0,ᛒ,199048145
11 1,ᛡ,31859644
11 5,ᛈ,657305533
11 6,ᚻ,172946870
11 1,ᚻ,420916803
11 2,ᛁ,571728280
11 7,ᛚ,944416350
11 9,ᚻ,247709193
11 9,ᛏ,2600604805
11 2,ᚠ,592006817
11 3,ᚩ,1392663233
11 8,ᛋ,463973324
11 5,ᚣ,138944484
11 0,ᛚ,285968691
11 3,ᛡ,85432681
11 1,ᛋ,421807986
11 0,ᚩ,788882197
11 4,ᚷ,247745582
11 4,ᚢ,977865587
11 7,ᚱ,868852444
11 6,ᛒ,603235764
11 0,ᚷ,233060610
11 9,ᛋ,386110084
11 10,ᚻ,11644701
11 7,ᛖ,1481907445
11 2,ᛚ,762781143
11 7,ᚻ,69017723
11 1,ᛠ,139966156
11 10,ᛋ,4790812450
11 5,ᛡ,330856601
11 1,ᛇ,61970710
11 8,ᚩ,542977650
11 1,ᛗ,416194153
11 1,ᛉ,622601757
11 8,ᛗ,102263007
11 9,ᚷ,107493892
11 2,ᛒ,431718181
11 8,ᛡ,1459320384
11 6,ᛡ,161246798
11 1,ᛈ,643689566
11 3,ᛗ,608942600
11 8,ᛇ,42293856
11 5,ᚹ,74920169
11 9,ᚹ,18751879
11 9,ᛈ,96763062
11 10,ᛁ,58223670
11 4,ᚦ,39119059
11 1,ᚠ,132121428
11 9,ᚩ,117223231
11 7,ᚠ,77350293
11 0,ᚫ,10179151
11 6,ᛞ,356826151
11 1,ᚹ,80654576
11 3,ᚷ,140260444
11 3,ᚻ,112024521
11 4,ᛡ,72439767
11 5,ᚷ,250014492
11 1,ᛞ,168679314
11 6,ᚠ,60645920
11 6,ᚷ,143893295
11 8,ᛞ,248011146
11 7,ᚷ,155815728
11 6,ᚹ,117371493
11 4,ᛟ,2074187
11 6,ᚣ,43092676
11 2,ᚣ,50260184
11 4,ᚻ,131003243
11 1,ᚣ,155280689
11 8,ᚷ,82317802
11 8,ᚣ,13792108
11 0,ᚹ,78667764
11 3,ᛒ,151323209
11 4,ᛝ,160783427
11 5,ᛒ,394391840
11 3,ᛠ,46785164
11 5,ᛉ,31176929
11 2,ᛇ,8051937
11 4,ᛞ,179395016
11 4,ᛠ,20632318
11 2,ᚻ,186357737
11 10,ᚪ,29466300
11 2,ᚹ,90885557
11 2,ᛠ,7795041
11 5,ᚻ,150041283
11 3,ᛂ,20551335
11 10,ᛗ,104082568
11 0,ᚦ,41704731
11 0,ᛂ,128179434
11 1,ᛟ,26158439
11 3,ᚹ,115892325
11 8,ᛝ,20934270
11 7,ᚣ,19839313
11 6,ᛠ,5341118
11 1,ᛒ,172062028
11 2,ᛂ,60198926
11 5,ᚦ,114182973
11 1,ᚦ,8716644
11 3,ᛇ,9346204
11 7,ᚹ,13852420
11 4,ᛇ,3638421
11 7,ᚦ,5546855
11 0,ᛉ,389536
11 8,ᚹ,22565138
11 7,ᛠ,13318793
11 9,ᛠ,9088536
11 9,ᛗ,33113621
11 3,ᛉ,45590617
11 8,ᚠ,16338837
11 9,ᚣ,2885623
11 3,ᛝ,5386640
11 8,ᚦ,2414623
11 8,ᛠ,1466812
11 3,ᛟ,344748
11 6,ᛉ,7025889
11 5,ᛠ,8499536
11 4,ᚣ,8216598
11 7,ᛒ,29856747
11 10,ᛠ,408356
11 10,ᛉ,2522468
11 2,ᛟ,634432
11 4,ᛉ,15279190
11 1,ᛂ,838162
11 0,ᛇ,876328
11 10,ᚷ,5915134
11 7,ᛝ,2385440
11 8,ᛉ,6011430
11 7,ᛂ,1574430
11 2,ᛉ,4986684
11 9,ᚠ,4416673
11 7,ᛉ,607473
11 9,ᚦ,3093984
11 5,ᛂ,2436064
11 5,ᚫ,218423
11 6,ᚦ,5426039
11 10,ᚩ,6985071
11 6,ᛝ,6120254
11 9,ᛉ,193866
11 5,ᛝ,8526331
11 10,ᚢ,1547342
11 6,ᛇ,2149197
11 9,ᛝ,1864240
11 1,ᚫ,1630635
11 1,ᛝ,3571188
11 9,ᛟ,1409045
11 10,ᚹ,1333571
11 8,ᛟ,103449
11 0,ᚣ,5479428
11 3,ᚫ,238930
11 5,ᛇ,729676
11 7,ᚫ,211253
11 2,ᛡ,828007
11 10,ᚠ,865312
11 4,ᚫ,202098
11 9,ᛇ,280941
11 10,ᛒ,464143
11 2,ᚫ,403710
11 0,ᛝ,181805
11 7,ᛇ,654461
11 6,ᛂ,133116
11 0,ᛠ,209311
11 4,ᛂ,109628
11 7,ᛟ,367031
11 9,ᛒ,33316
11 10,ᚦ,18131
11 5,ᛟ,38326
11 6,ᛟ,35421
11 10,ᚫ,7867
12 0,ᚳ,2061978494
12 1,ᚩ,2073841378
12 2,ᚾ,1559287100
12 3,ᛋ,1059478100
12 4,ᛖ,1277343260
12 5,ᚳ,1229490941
12 6,ᚹ,214626363
12 7,ᛖ,814903083
12 8,ᚾ,1023039877
12 9,ᛏ,2708874752
12 10,ᛚ,1581065687
12 11,ᚣ,1800469918
12 0,ᛞ,847667230
12 1,ᛖ,1590413178
12 2,ᛗ,662267227
12 3,ᚩ,710613301
12 4,ᚾ,577777042
12 5,ᛋ,507578489
12 6,ᛏ,952326302
12 7,ᚱ,1119757662
12 8,ᚪ,3171108321
12 10,ᛖ,1792430953
12 11,ᛞ,837352594
12 0,ᛈ,950986394
12 1,ᚪ,860692970
12 2,ᚱ,1014299304
12 3,ᛏ,1127885669
12 4,ᛁ,2012791627
12 6,ᚢ,763062202
12 7,ᛚ,672382434
12 9,ᚱ,748111456
12 11,ᛋ,2723281423
12 0,ᚾ,163073750
12 2,ᛏ,1127281856
12 3,ᚹ,303694349
12 5,ᚦ,63895466
12 6,ᛋ,646004640
12 7,ᛏ,1368259425
12 9,ᚾ,1473805856
12 10,ᛞ,77154302
12 11,ᛝ,94902475
12 0,ᛁ,1510765688
12 1,ᚾ,1655665486
12 2,ᚳ,913638078
12 4,ᚱ,1403623369
12 5,ᛈ,467484699
12 6,ᚩ,631109143
12 5,ᛞ,525891681
12 6,ᛖ,1220499374
12 10,ᛡ,1576470560
12 11,ᚾ,1650138582
12 0,ᛋ,869273721
12 1,ᛈ,266856072
12 2,ᛖ,397045110
12 3,ᚳ,714599043
12 5,ᚠ,520557305
12 6,ᛁ,1807231901
12 7,ᚳ,980732058
12 9,ᛚ,416605131
12 1,ᚢ,601520686
12 2,ᛒ,272563529
12 3,ᛖ,1649994665
12 4,ᛋ,528069893
12 0,ᚱ,724984105
12 2,ᛋ,765956582
12 3,ᛈ,454973039
12 7,ᛁ,801265794
12 8,ᚢ,769107021
12 9,ᛖ,898328574
12 5,ᚱ,694282316
12 7,ᛗ,499814935
12 8,ᛖ,840415870
12 10,ᛏ,886579222
12 0,ᚪ,777868551
12 1,ᚳ,253228330
12 4,ᛗ,244244380
12 6,ᛚ,544623852
12 8,ᛋ,198881645
12 9,ᚻ,146413210
12 1,ᚻ,156297781
12 2,ᚪ,409452898
12 3,ᚱ,581516330
12 4,ᚪ,380315871
12 8,ᚱ,273622784
12 9,ᛁ,1018428909
12 10,ᛋ,226946689
12 11,ᛖ,1126784737
12 3,ᛗ,388747688
12 4,ᚢ,365807050
12 5,ᚾ,1003202229
12 1,ᛞ,53892066
12 3,ᛁ,696306244
12 5,ᛁ,878066763
12 0,ᚩ,182201405
12 1,ᚱ,671694035
12 2,ᚷ,264915471
12 3,ᚪ,450335078
12 7,ᚪ,763457580
12 8,ᛏ,1454906275
12 9,ᛡ,623268744
12 10,ᚾ,912851643
12 5,ᛗ,527882489
12 6,ᛈ,220928561
12 4,ᚩ,697807875
12 6,ᛗ,315385326
12 2,ᚢ,388204927
12 5,ᛏ,597013878
12 7,ᚷ,312767740
12 4,ᛞ,83353002
12 5,ᛖ,485180926
12 6,ᚾ,462773629
12 3,ᚻ,131439317
12 9,ᚢ,220824605
12 10,ᚱ,616437725
12 3,ᚷ,73308301
12 4,ᚻ,73569999
12 8,ᛈ,80463899
12 9,ᛋ,203804774
12 10,ᛁ,225604309
12 4,ᛏ,486978567
12 5,ᚪ,468566383
12 8,ᛡ,518330246
12 6,ᚪ,683799433
12 10,ᚪ,934650943
12 11,ᛚ,910917650
12 4,ᚳ,404281937
12 5,ᛡ,187230605
12 7,ᛋ,500185446
12 0,ᛏ,232431159
12 3,ᛞ,144148686
12 6,ᛡ,76245090
12 7,ᚾ,560992105
12 0,ᛗ,396451184
12 3,ᚢ,402193593
12 4,ᚠ,219020177
12 6,ᚳ,376933007
12 1,ᛚ,152167253
12 8,ᛁ,404192826
12 2,ᛞ,293622599
12 4,ᛈ,269810586
12 7,ᛞ,231036875
12 10,ᚳ,435384473
12 4,ᛚ,489904120
12 5,ᛚ,486766945
12 2,ᛚ,287116398
12 8,ᚻ,189544620
12 10,ᛈ,130067278
12 3,ᚾ,350122607
12 5,ᚹ,54745474
12 8,ᛞ,99785546
12 9,ᚷ,43275682
12 4,ᛒ,116584497
12 6,ᚷ,44283857
12 9,ᛈ,21913508
12 10,ᚻ,14836453
12 1,ᛁ,635216338
12 2,ᚠ,230444942
12 3,ᚠ,257839477
12 7,ᛡ,257690642
12 9,ᛒ,344185660
12 7,ᛈ,246611488
12 0,ᚻ,140334880
12 11,ᚱ,108043686
12 7,ᚠ,66789340
12 0,ᛚ,50223720
12 7,ᚩ,245624647
12 9,ᚩ,268709350
12 0,ᚢ,284421820
12 2,ᛁ,184669190
12 7,ᚣ,56790785
12 8,ᛗ,226935470
12 11,ᛏ,319450339
12 0,ᛖ,327525976
12 1,ᛗ,136803931
12 2,ᛈ,583383699
12 5,ᚷ,137790560
12 5,ᛉ,29134198
12 2,ᚻ,60869814
12 5,ᚩ,265503521
12 7,ᚻ,48754221
12 11,ᛡ,10532165
12 5,ᛒ,110569704
12 10,ᚩ,60831038
12 5,ᚻ,108355224
12 9,ᚳ,216135329
12 6,ᛒ,231907606
12 7,ᚢ,236690655
12 0,ᚠ,79389851
12 2,ᚣ,59334868
12 2,ᚩ,254534033
12 8,ᚷ,62450841
12 5,ᚢ,425437327
12 6,ᚱ,436226837
12 8,ᚩ,96518950
12 1,ᚹ,53756106
12 1,ᛉ,199266825
12 9,ᚪ,305354180
12 11,ᚻ,8267691
12 1,ᛋ,60773420
12 6,ᚦ,12434319
12 1,ᛏ,113180120
12 8,ᛚ,188202702
12 0,ᛂ,52105908
12 3,ᛉ,15489906
12 9,ᛞ,41141148
12 8,ᚳ,134163601
12 0,ᚹ,13463928
12 4,ᚷ,62449153
12 9,ᛇ,47982983
12 10,ᚢ,263381398
12 10,ᛠ,22671498
12 3,ᛚ,187206509
12 6,ᛞ,71116673
12 2,ᚹ,14215193
12 0,ᚷ,78180324
12 3,ᛒ,46305726
12 9,ᚹ,11624990
12 1,ᛇ,24068765
12 6,ᚻ,53605273
12 8,ᚣ,14323721
12 0,ᛒ,56749635
12 11,ᚠ,6075367
12 5,ᛇ,12694790
12 4,ᚹ,28379233
12 8,ᚠ,26472123
12 1,ᚷ,140713699
12 10,ᚷ,35577673
12 9,ᛝ,6665981
12 8,ᛒ,19183716
12 11,ᚷ,5114672
12 4,ᛡ,59373607
12 8,ᚹ,7752987
12 1,ᚣ,64739927
12 11,ᛗ,33348611
12 9,ᚠ,13102476
12 10,ᛒ,841237
12 11,ᛈ,24499955
12 3,ᛂ,12796103
12 1,ᛡ,9349676
12 7,ᛇ,7127950
12 9,ᚣ,6042179
12 1,ᛠ,8865024
12 6,ᛠ,11003158
12 2,ᚦ,29878541
12 11,ᚳ,145448838
12 3,ᛇ,3776339
12 10,ᚠ,2027695
12 7,ᛠ,1266910
12 1,ᛒ,18295016
12 2,ᛂ,12514513
12 3,ᛡ,25855078
12 3,ᚣ,9508027
12 10,ᛗ,8812838
12 3,ᚫ,847956
12 4,ᚣ,5887242
12 0,ᚦ,12491437
12 6,ᚣ,26052082
12 10,ᚣ,530832
12 4,ᚫ,1925200
12 4,ᛇ,4826177
12 10,ᛝ,5520133
12 5,ᚣ,19676161
12 3,ᚦ,8370553
12 9,ᛗ,26295799
12 2,ᛉ,4411703
12 4,ᛝ,3157463
12 1,ᚠ,8145131
12 2,ᛝ,12809478
12 8,ᛠ,8675157
12 1,ᛝ,1856281
12 6,ᛉ,6286266
12 7,ᚹ,3458950
12 11,ᛁ,2468352
12 6,ᚠ,3729088
12 11,ᚢ,682417
12 11,ᚪ,3991682
12 2,ᛇ,3799899
12 3,ᛠ,2890417
12 9,ᛠ,1748339
12 1,ᚦ,1109105
12 7,ᛒ,11837713
12 8,ᛇ,376003
12 10,ᚹ,1789472
12 7,ᚦ,2941797
12 5,ᛝ,3361314
12 2,ᛡ,1924926
12 4,ᚦ,1196082
12 11,ᚩ,768600
12 8,ᛉ,3578462
12 2,ᛠ,4277115
12 3,ᛝ,2567947
12 5,ᛂ,1651730
12 1,ᛟ,546180
12 11,ᚹ,162201
12 8,ᛂ,289132
12 0,ᚣ,147562
12 10,ᚦ,378470
12 11,ᛉ,86482
12 5,ᛠ,943788
12 4,ᛟ,12326325
12 7,ᛝ,184083
12 7,ᛉ,1555614
12 8,ᚫ,421258
12 6,ᛝ,309021
12 4,ᛉ,1552753
12 6,ᛂ,336558
12 11,ᛠ,159553
12 4,ᛠ,598419
12 8,ᛟ,59329
12 0,ᛡ,98394
12 0,ᛉ,36326
12 2,ᚫ,235913
12 0,ᚫ,20705
12 9,ᛟ,140145
12 9,ᚫ,136964
12 0,ᛠ,82759
12 3,ᛟ,144858
12 6,ᛟ,115345
12 10,ᛟ,112385
12 9,ᚦ,11083
12 7,ᛂ,66982
12 8,ᛝ,152524
12 9,ᛉ,23099
12 7,ᛟ,7150
12 7,ᚫ,842
12 11,ᚫ,4759
12 11,ᚦ,2157
12 1,ᚫ,127
13 0,ᛖ,175002657
13 1,ᚾ,298671698
13 2,ᚢ,138092255
13 3,ᛁ,207736158
13 4,ᚱ,288396723
13 5,ᚩ,265743793
13 6,ᚾ,106387010
13 7,ᛗ,135942553
13 8,ᛖ,161297676
13 9,ᚾ,270271774
13 10,ᛏ,543232367
13 11,ᚪ,386901243
13 12,ᛚ,368160441
13 0,ᛋ,122956229
13 1,ᛁ,168830607
13 2,ᚷ,65555812
13 3,ᚾ,141724537
13 4,ᛁ,140161953
13 5,ᚠ,72296572
13 6,ᛁ,222588944
13 7,ᚳ,129554335
13 8,ᚪ,307866464
13 11,ᛚ,266744804
13 12,ᚣ,306110128
13 0,ᛞ,90192432
13 2,ᛋ,96634437
13 3,ᛏ,65254711
13 4,ᛝ,3069839
13 5,ᚢ,34988192
13 7,ᛋ,80772377
13 8,ᚻ,47481392
13 9,ᚪ,383101968
13 10,ᛒ,47400667
13 12,ᛖ,143767434
13 0,ᚳ,356795851
13 1,ᚩ,283858436
13 2,ᛗ,212288414
13 3,ᛈ,110056164
13 5,ᛖ,105133725
13 6,ᚻ,75653647
13 7,ᛖ,118482589
13 8,ᚾ,126607757
13 9,ᛋ,58867394
13 10,ᛁ,149210376
13 11,ᚢ,89568764
13 2,ᚠ,39399936
13 3,ᚠ,22091942
13 4,ᛖ,121902673
13 5,ᚱ,98348785
13 6,ᛖ,156565730
13 7,ᚾ,144579495
13 8,ᛏ,284370716
13 9,ᛡ,96554473
13 11,ᛖ,181441175
13 12,ᛞ,81554495
13 0,ᚢ,72552958
13 3,ᚩ,124209238
13 5,ᛏ,150841009
13 6,ᚢ,64238859
13 9,ᛏ,254162243
13 10,ᛖ,171467069
13 0,ᛁ,157601402
13 3,ᛖ,178874845
13 4,ᛋ,145036711
13 7,ᚷ,40839813
13 10,ᛡ,103045011
13 11,ᚾ,170911790
13 12,ᛋ,305247693
13 10,ᚩ,40099931
13 11,ᚱ,93139244
13 0,ᛗ,79455396
13 1,ᚪ,74157405
13 2,ᚾ,141798291
13 3,ᚢ,46188757
13 4,ᚠ,23273576
13 5,ᚪ,72244879
13 6,ᚳ,37781350
13 7,ᛏ,193749223
13 8,ᚢ,40795049
13 9,ᚱ,31087640
13 0,ᚪ,170167706
13 1,ᛈ,46574573
13 2,ᛈ,115190568
13 3,ᚱ,133496294
13 4,ᚩ,102746099
13 5,ᛉ,20379865
13 3,ᚳ,153007326
13 5,ᚾ,78124673
13 6,ᛏ,128059392
13 7,ᚱ,163171578
13 1,ᛗ,20553207
13 3,ᛚ,62916585
13 5,ᛗ,115841179
13 11,ᛡ,269321234
13 12,ᚾ,269214061
13 3,ᛗ,42801315
13 4,ᚢ,106597388
13 2,ᚱ,137552750
13 6,ᛋ,174555716
13 10,ᚳ,197936920
13 1,ᛞ,92519258
13 2,ᛖ,73667901
13 4,ᛏ,103436768
13 5,ᛁ,226482101
13 6,ᚠ,43520403
13 7,ᛁ,182198458
13 8,ᚳ,125819895
13 4,ᚾ,160967778
13 8,ᚱ,99958070
13 0,ᛏ,98412021
13 1,ᚣ,9667763
13 4,ᚷ,18273349
13 6,ᚪ,110956184
13 7,ᛈ,35947428
13 9,ᛁ,194216872
13 1,ᚱ,174307232
13 2,ᚪ,120997432
13 6,ᚩ,138119296
13 8,ᛗ,34232289
13 4,ᚪ,125618060
13 8,ᛁ,137003289
13 9,ᚢ,141569253
13 1,ᛖ,181322023
13 2,ᛏ,156668221
13 3,ᛇ,5565356
13 6,ᛚ,137190275
13 7,ᚩ,122255428
13 8,ᚷ,107266831
13 0,ᛈ,143978814
13 1,ᛋ,60118829
13 2,ᚣ,44982141
13 4,ᚻ,58410750
13 1,ᚹ,12246272
13 3,ᛋ,124218548
13 5,ᛡ,3369006
13 10,ᚱ,39935542
13 0,ᚱ,69451789
13 5,ᛋ,106218074
13 2,ᚩ,31916849
13 3,ᚷ,13857854
13 2,ᚳ,121940017
13 9,ᛗ,52612862
13 12,ᛏ,65522843
13 5,ᛈ,98881899
13 10,ᛋ,40373040
13 11,ᛏ,71401621
13 4,ᛗ,45348218
13 8,ᛞ,17253673
13 2,ᛞ,41119135
13 4,ᛈ,21479222
13 7,ᛞ,52220157
13 1,ᚢ,58044062
13 11,ᚩ,25955577
13 12,ᚱ,51545760
13 5,ᛞ,26271019
13 2,ᛁ,43471144
13 4,ᛒ,37975602
13 6,ᚱ,104806694
13 7,ᚢ,90959324
13 10,ᚾ,121042485
13 3,ᛞ,35225218
13 4,ᛡ,10490622
13 10,ᛚ,73788742
13 0,ᚩ,37192535
13 3,ᚪ,83054448
13 7,ᚪ,57212243
13 3,ᛒ,11870517
13 9,ᛖ,55915447
13 4,ᛞ,17668270
13 10,ᚷ,8351574
13 9,ᚳ,27664313
13 3,ᚻ,60353476
13 4,ᚫ,10782797
13 4,ᛚ,68131925
13 6,ᛗ,39607892
13 10,ᚪ,80272710
13 2,ᛚ,25283530
13 5,ᛒ,25688525
13 6,ᛈ,40537397
13 7,ᛚ,51038999
13 0,ᚻ,16650687
13 11,ᛁ,44336545
13 12,ᚳ,38731421
13 8,ᛇ,11494812
13 8,ᛋ,65456203
13 1,ᚻ,43243143
13 2,ᚻ,17428047
13 9,ᚩ,16564641
13 10,ᛈ,3498623
13 10,ᚢ,5736403
13 5,ᚷ,18145874
13 0,ᚾ,18144661
13 0,ᚠ,9249263
13 8,ᛈ,18877531
13 5,ᛚ,35088806
13 5,ᚻ,8983828
13 6,ᚣ,5326980
13 0,ᚦ,1590451
13 1,ᛒ,2337900
13 1,ᛚ,30750662
13 5,ᚳ,77695350
13 9,ᛞ,11472059
13 10,ᛝ,4453058
13 3,ᚹ,5813339
13 7,ᛡ,16029442
13 6,ᛞ,19068331
13 11,ᚳ,13899714
13 1,ᛉ,35646460
13 4,ᚳ,28587243
13 7,ᚠ,9660165
13 8,ᚦ,2393084
13 1,ᚳ,21122834
13 7,ᚻ,4565082
13 6,ᛡ,16226589
13 1,ᛏ,15025921
13 6,ᚷ,10484859
13 9,ᛈ,10457895
13 10,ᚻ,7871812
13 9,ᛚ,24537726
13 11,ᛋ,20424203
13 8,ᛚ,22260953
13 12,ᛝ,2225416
13 0,ᚷ,9253255
13 11,ᛗ,1936905
13 12,ᚩ,370371
13 1,ᚠ,10600171
13 2,ᛝ,3292497
13 11,ᛈ,1150321
13 12,ᚻ,801245
13 9,ᚻ,9152990
13 2,ᚦ,7589198
13 11,ᛞ,3341084
13 8,ᛡ,3184607
13 0,ᛚ,4974518
13 4,ᚦ,1108005
13 2,ᛉ,999914
13 0,ᛂ,6418325
13 2,ᛒ,7175333
13 7,ᚣ,1719296
13 10,ᛗ,2264697
13 8,ᚩ,22007361
13 3,ᚣ,3854433
13 7,ᛒ,11543030
13 6,ᚹ,1510361
13 3,ᛉ,5276836
13 8,ᛒ,4763510
13 0,ᚹ,1638072
13 1,ᛠ,867348
13 6,ᛒ,6559168
13 12,ᚪ,500473
13 6,ᛠ,971503
13 10,ᛞ,2067328
13 12,ᛡ,3833420
13 1,ᛇ,1956422
13 5,ᚣ,2179012
13 3,ᚦ,3225814
13 8,ᚣ,904474
13 11,ᚠ,577965
13 4,ᚣ,2119004
13 12,ᛁ,215750
13 0,ᛒ,2003331
13 6,ᛉ,2225847
13 4,ᚹ,1153000
13 7,ᚹ,629362
13 11,ᚷ,858841
13 4,ᛟ,412036
13 12,ᛗ,4508295
13 1,ᛟ,142555
13 10,ᛇ,487779
13 12,ᛈ,1437004
13 8,ᛝ,1672095
13 9,ᛠ,1664185
13 7,ᚦ,436231
13 4,ᛉ,388175
13 9,ᚷ,2296055
13 6,ᛝ,393705
13 11,ᚻ,969899
13 3,ᛡ,2466519
13 11,ᛠ,295644
13 9,ᛒ,467559
13 2,ᛠ,81719
13 7,ᛉ,50723
13 6,ᚦ,335882
13 7,ᛠ,95791
13 5,ᚹ,361405
13 2,ᚹ,524474
13 10,ᚠ,873929
13 9,ᛇ,130575
13 8,ᛠ,191858
13 1,ᚷ,571291
13 4,ᛠ,167461
13 5,ᛂ,143439
13 7,ᛇ,29663
13 9,ᚣ,286248
13 1,ᚦ,230109
13 3,ᚫ,253236
13 4,ᛇ,77590
13 2,ᛡ,118493
13 8,ᛉ,57881
13 7,ᛝ,97539
13 9,ᚹ,631665
13 6,ᛂ,77502
13 11,ᚹ,273477
13 11,ᚦ,252628
13 10,ᚣ,364756
13 1,ᚫ,123070
13 5,ᛠ,100593
13 8,ᚠ,409047
13 5,ᚦ,110093
13 1,ᛡ,289813
13 0,ᚣ,95505
13 3,ᛂ,209337
13 8,ᚹ,152011
13 5,ᛇ,35742
13 9,ᚠ,88254
13 3,ᛝ,72035
13 11,ᚣ,39424
13 5,ᛝ,83399
13 11,ᛒ,33101
13 12,ᚢ,13868
13 3,ᛠ,105999
13 10,ᛠ,5065
13 6,ᛇ,31321
13 12,ᛉ,3588
13 2,ᛂ,12329
13 12,ᚷ,14404
13 9,ᛝ,6223
13 11,ᚫ,5634
13 0,ᚫ,2979
13 1,ᛝ,1773
13 8,ᚫ,2309
13 12,ᛠ,2207
13 10,ᚦ,953
13 7,ᛟ,513
13 9,ᚦ,523
13 12,ᚠ,520
14 0,ᚱ,65169679
14 1,ᛖ,73061443
14 2,ᛈ,51554546
14 3,ᚱ,101713080
14 4,ᛖ,75231285
14 5,ᛋ,71729794
14 6,ᛖ,62758044
14 7,ᚾ,63153716
14 8,ᛏ,55113467
14 9,ᚪ,127617602
14 10,ᛏ,139210641
14 11,ᛁ,121177428
14 12,ᚢ,90246167
14 13,ᛖ,127120361
14 0,ᚪ,79620346
14 1,ᛞ,60004593
14 2,ᛗ,61354245
14 3,ᛁ,70703623
14 4,ᚾ,74882648
14 5,ᛁ,90186302
14 6,ᛋ,75872786
14 7,ᛏ,83434732
14 8,ᚱ,84326700
14 2,ᚳ,37457707
14 3,ᚩ,35826962
14 4,ᛗ,20963706
14 5,ᛗ,29035594
14 8,ᛞ,14979488
14 11,ᛡ,25228006
14 12,ᚾ,39509278
14 13,ᛋ,71102538
14 0,ᚳ,64397581
14 1,ᛚ,7620564
14 2,ᛁ,12281553
14 3,ᛗ,5044994
14 4,ᚪ,34811810
14 5,ᛏ,17737226
14 6,ᚩ,29734291
14 7,ᛚ,23542527
14 8,ᚩ,18421821
14 9,ᚷ,16040518
14 10,ᛁ,31731498
14 11,ᚳ,24827097
14 12,ᚪ,29519084
14 13,ᛚ,32665444
14 0,ᛈ,21286628
14 1,ᛋ,13279984
14 2,ᚣ,7975536
14 3,ᚳ,19619529
14 4,ᚻ,9348424
14 5,ᚩ,14715492
14 6,ᚪ,23758171
14 8,ᚪ,14915528
14 9,ᛚ,12040458
14 10,ᚣ,3891971
14 11,ᛏ,60096027
14 12,ᛁ,32085809
14 13,ᚳ,26226818
14 1,ᚩ,38936332
14 2,ᚱ,30533818
14 6,ᛈ,27415457
14 7,ᚩ,31490656
14 8,ᚾ,49774003
14 9,ᛞ,22122995
14 10,ᛖ,33731411
14 11,ᚾ,39810754
14 12,ᚳ,20491463
14 0,ᛖ,20571806
14 2,ᛏ,32522046
14 3,ᚪ,16112772
14 4,ᛒ,8530841
14 5,ᛚ,10683197
14 6,ᛁ,22895715
14 7,ᛋ,13779706
14 8,ᚻ,7566028
14 9,ᛗ,15029199
14 12,ᛏ,38258364
14 0,ᚢ,20043180
14 1,ᚾ,63636736
14 2,ᛞ,11303252
14 3,ᛖ,45570870
14 4,ᚱ,49156043
14 5,ᛞ,5475825
14 7,ᚢ,6652811
14 8,ᛖ,25438596
14 10,ᚩ,4936007
14 11,ᛈ,5209115
14 12,ᛖ,23284304
14 13,ᛞ,11634597
14 3,ᚾ,17158530
14 4,ᚳ,12645565
14 6,ᚱ,27163357
14 7,ᛈ,4029549
14 9,ᚱ,10935483
14 10,ᚪ,61285211
14 1,ᚱ,16814707
14 2,ᚩ,6463950
14 3,ᛈ,22189388
14 4,ᚩ,32318324
14 5,ᚱ,13587275
14 6,ᛏ,48758261
14 7,ᛡ,5443362
14 11,ᛖ,22160428
14 12,ᛚ,50213249
14 13,ᚣ,69535069
14 2,ᚦ,7009563
14 5,ᛈ,23251029
14 11,ᛋ,12617866
14 0,ᛁ,35749592
14 5,ᚢ,8504449
14 7,ᚱ,16007381
14 9,ᛖ,22021547
14 10,ᛒ,1479664
14 11,ᚱ,4589761
14 7,ᛖ,43477546
14 8,ᛋ,10275884
14 9,ᛋ,15223948
14 11,ᛒ,11364199
14 0,ᛗ,10933904
14 1,ᚢ,20028179
14 2,ᚾ,20098901
14 7,ᚪ,22454081
14 8,ᛚ,7238177
14 9,ᛁ,48791301
14 2,ᛋ,41823910
14 5,ᚾ,26430277
14 7,ᛁ,36147522
14 8,ᛒ,16776986
14 10,ᛚ,20570171
14 11,ᚩ,16861600
14 12,ᚱ,23933329
14 4,ᚠ,2522475
14 7,ᚳ,12258255
14 1,ᚻ,27735400
14 2,ᚪ,39118088
14 5,ᚳ,31507023
14 10,ᛋ,26401595
14 0,ᛞ,14389417
14 1,ᛁ,22250611
14 3,ᛋ,11572191
14 8,ᚠ,1228332
14 10,ᚳ,8194959
14 12,ᛡ,26092611
14 13,ᚾ,22573462
14 0,ᛒ,4024774
14 2,ᛒ,3967772
14 3,ᛚ,4758208
14 4,ᛡ,4403258
14 5,ᚷ,4471074
14 8,ᛈ,5703321
14 9,ᚻ,5697367
14 1,ᛈ,5975924
14 3,ᛞ,5890771
14 6,ᛡ,5169284
14 5,ᚪ,13365720
14 8,ᚷ,2027621
14 12,ᚻ,1461933
14 3,ᛏ,18281430
14 10,ᚱ,9467622
14 2,ᚢ,6673687
14 4,ᛏ,16040419
14 6,ᛚ,13151356
14 8,ᛁ,33002786
14 4,ᛈ,4894216
14 9,ᛏ,20472382
14 10,ᛗ,4773183
14 13,ᛏ,16446453
14 2,ᚠ,5146991
14 8,ᚢ,17527475
14 9,ᚳ,32358129
14 11,ᚢ,7271382
14 4,ᛋ,18388639
14 6,ᚠ,4620494
14 8,ᚳ,12420888
14 7,ᚷ,4769786
14 10,ᛡ,3650001
14 6,ᛗ,12719299
14 3,ᛠ,207842
14 4,ᛚ,3821217
14 11,ᛚ,24073480
14 0,ᛋ,30856616
14 6,ᚾ,14295836
14 9,ᚾ,18197602
14 10,ᛞ,8884979
14 6,ᚳ,8772283
14 7,ᚠ,8276344
14 0,ᚷ,2248602
14 1,ᚳ,7237538
14 5,ᚹ,1269314
14 7,ᛞ,6258125
14 11,ᚪ,5726596
14 4,ᚷ,1428631
14 0,ᛏ,7027375
14 5,ᚠ,7016290
14 8,ᛗ,5527616
14 1,ᚣ,7349652
14 4,ᛁ,7658001
14 4,ᚢ,7276061
14 6,ᛞ,2303735
14 12,ᛗ,1714114
14 2,ᛖ,6847805
14 5,ᛖ,7731535
14 1,ᛏ,4756176
14 4,ᛞ,2934559
14 1,ᚪ,11477058
14 10,ᚾ,14446258
14 9,ᚩ,9835960
14 9,ᚢ,4376511
14 0,ᚾ,4133315
14 2,ᚻ,1499493
14 1,ᛉ,3745424
14 1,ᛗ,1621284
14 6,ᚢ,4906206
14 7,ᛒ,681005
14 9,ᛉ,66187
14 1,ᚹ,1066962
14 10,ᚢ,11437578
14 0,ᚹ,577572
14 2,ᛚ,3197830
14 12,ᚠ,212758
14 3,ᚢ,6214924
14 12,ᛋ,6279291
14 3,ᚻ,2381308
14 0,ᚻ,3510213
14 6,ᚻ,1588186
14 12,ᛞ,1768792
14 13,ᛝ,1555701
14 12,ᚩ,1401099
14 13,ᚱ,3616027
14 8,ᛡ,3776215
14 7,ᚻ,1908050
14 9,ᛇ,545446
14 11,ᛇ,1427740
14 9,ᚠ,562164
14 3,ᚣ,669855
14 1,ᚷ,778909
14 13,ᛡ,301463
14 5,ᛡ,1276443
14 10,ᚠ,312926
14 6,ᛒ,398563
14 13,ᚪ,308983
14 10,ᛠ,59070
14 5,ᚣ,3952817
14 9,ᛡ,4477095
14 3,ᛇ,487161
14 3,ᚠ,2058786
14 10,ᛈ,1427370
14 5,ᚻ,1747450
14 13,ᛗ,1572020
14 9,ᚦ,732535
14 8,ᚣ,541742
14 10,ᚷ,1317728
14 1,ᚦ,317875
14 7,ᛗ,2739056
14 11,ᚻ,3972919
14 5,ᛒ,2451053
14 0,ᚩ,966283
14 8,ᛠ,364454
14 6,ᚦ,456209
14 9,ᛈ,504405
14 5,ᚦ,857176
14 0,ᚠ,1401040
14 13,ᚷ,419991
14 3,ᚦ,270057
14 3,ᚷ,458275
14 13,ᛈ,2886664
14 2,ᛝ,486426
14 10,ᚻ,683438
14 12,ᛈ,107826
14 12,ᚷ,565630
14 3,ᛉ,317831
14 5,ᛝ,138862
14 6,ᚷ,539567
14 6,ᚣ,566542
14 8,ᚦ,416945
14 4,ᚦ,141777
14 0,ᛚ,298669
14 2,ᛉ,56974
14 8,ᚹ,539679
14 7,ᛝ,228558
14 11,ᛗ,256459
14 0,ᚦ,604408
14 4,ᛇ,71246
14 9,ᛒ,280346
14 4,ᚹ,75954
14 4,ᛟ,202808
14 7,ᚣ,849338
14 11,ᛞ,184513
14 2,ᚷ,492331
14 7,ᛇ,46805
14 1,ᛒ,141026
14 2,ᛂ,47303
14 3,ᛂ,229445
14 9,ᚹ,23583
14 3,ᛒ,133851
14 4,ᛂ,90095
14 0,ᛂ,113483
14 7,ᚹ,252193
14 11,ᚷ,902494
14 11,ᛝ,191141
14 5,ᛟ,788047
14 0,ᚫ,46699
14 4,ᚣ,116395
14 3,ᛡ,71185
14 7,ᛉ,84684
14 2,ᛠ,50661
14 6,ᚹ,119854
14 12,ᚦ,106726
14 5,ᛂ,41693
14 10,ᚦ,74691
14 1,ᛇ,70864
14 1,ᛡ,37138
14 8,ᚫ,4652
14 7,ᚦ,5193
14 8,ᛝ,14566
14 8,ᛉ,38563
14 8,ᛇ,6151
14 5,ᛉ,10083
14 12,ᛠ,719355
14 10,ᛝ,3210
14 3,ᚫ,11542
14 11,ᚣ,18327
14 3,ᛟ,12139
14 1,ᚠ,6131
14 9,ᛠ,18419
14 3,ᛝ,4317
14 1,ᛟ,6976
14 5,ᛠ,9623
14 13,ᚻ,5591
14 2,ᚹ,6057
14 6,ᛠ,3879
14 1,ᛠ,4076
14 8,ᛂ,3498
14 11,ᚠ,3850
14 5,ᛇ,519
14 1,ᛝ,9620
14 6,ᛉ,3807
14 3,ᚹ,316
14 4,ᛝ,16785
14 7,ᛠ,201
14 2,ᛇ,737
2 0,ᚩ,93955619229
2 1,ᚠ,75569696540
2 0,ᛁ,73713940903
2 1,ᚾ,55995297064
2 0,ᚪ,28754609828
2 1,ᛋ,33447446333
2 0,ᛏ,43506839850
2 1,ᚩ,54235288587
2 0,ᛒ,23453679698
2 1,ᚣ,14379453712
2 1,ᛏ,21598029371
2 1,ᛖ,152174802843
2 1,ᚱ,13125007708
2 0,ᛋ,4458142969
2 0,ᚢ,3321420376
2 1,ᛈ,2135539405
2 0,ᛈ,291674566
2 1,ᚻ,434994363
2 0,ᚳ,1334109009
2 0,ᛗ,6447704523
2 0,ᚦ,125042574400
2 0,ᚾ,3670689215
2 0,ᛞ,3344793036
2 1,ᛗ,829194151
2 1,ᛁ,680103239
2 1,ᛝ,819846162
2 0,ᛚ,411631223
2 1,ᛚ,568329607
2 1,ᛡ,103032119
2 0,ᚷ,745564620
2 0,ᚻ,8455072177
2 0,ᛠ,134131180
2 0,ᛖ,1356308550
2 1,ᛞ,400963563
2 0,ᚱ,357687307
2 1,ᚪ,668158534
2 1,ᛉ,90946930
2 1,ᛠ,359534536
2 1,ᛇ,56119727
2 0,ᚹ,4999758640
2 0,ᛉ,27861473
2 0,ᚠ,182240504
2 1,ᚢ,237221803
2 1,ᛟ,101201736
2 1,ᚳ,83430593
2 0,ᚣ,122987940
2 0,ᛂ,59560821
2 1,ᛒ,63620725
2 1,ᚫ,15641202
2 0,ᛡ,72479000
2 1,ᚷ,17006483
2 1,ᚹ,33645191
2 1,ᛂ,4569421
2 0,ᚫ,5896216
2 1,ᚦ,4398622
2 0,ᛝ,4140067
2 0,ᛇ,512612
2 0,ᛟ,890338
3 0,ᚻ,24993025439
3 1,ᛖ,28422653024
3 2,ᛞ,72949275237
3 0,ᚳ,4695403167
3 1,ᛝ,630904855
3 2,ᛋ,40707176802
3 0,ᛁ,4530317401
3 1,ᚾ,70611814801
3 2,ᛏ,44981590158
3 1,ᛏ,3808684314
3 0,ᚪ,82281370936
3 1,ᛗ,47041090
3 0,ᛖ,1582070739
3 1,ᚣ,368237515
3 1,ᛋ,2716892415
3 0,ᚹ,29344889484
3 0,ᛠ,2576431355
3 1,ᚱ,11255535913
3 0,ᛋ,9421436749
3 1,ᚻ,6867860038
3 1,ᚩ,44887640868
3 2,ᚾ,13897958955
3 1,ᚪ,56986002044
3 0,ᛏ,4449567108
3 1,ᛈ,142483773
3 0,ᛞ,5974862974
3 0,ᛒ,12473738938
3 0,ᚩ,12464233739
3 1,ᚠ,646910609
3 1,ᚢ,15440738270
3 1,ᚹ,3181913297
3 0,ᛡ,107106395
3 0,ᚦ,40484232629
3 0,ᚣ,7059639304
3 0,ᚷ,2810106591
3 1,ᚫ,3560902
3 1,ᛁ,37755437209
3 0,ᛚ,4588842780
3 0,ᚾ,16895734042
3 0,ᛈ,3102617992
3 0,ᚢ,2381815656
3 0,ᛗ,6000056967
3 0,ᚠ,19893792780
3 0,ᛇ,544393
3 1,ᛞ,493394135
3 0,ᚱ,2404258668
3 0,ᛂ,528729134
3 1,ᛟ,1177293418
3 2,ᚦ,14019450212
3 1,ᛇ,16440372
3 1,ᛚ,5880929249
3 1,ᛒ,65251398
3 1,ᛠ,6165639170
3 1,ᚷ,667027852
3 1,ᛂ,107
3 1,ᚳ,2739907699
3 1,ᛉ,23731356
3 0,ᛟ,47
3 2,ᚱ,30418263559
3 2,ᛖ,21352294501
3 2,ᛝ,4779860421
3 2,ᛗ,5233082638
3 2,ᚹ,8964355055
3 2,ᚢ,5142253017
3 2,ᛚ,6686866422
3 2,ᚳ,1724772584
3 2,ᚣ,15827688878
3 2,ᚠ,748898902
3 2,ᚩ,6280319524
3 2,ᛁ,414894548
3 2,ᚻ,1747368086
3 2,ᛠ,809381169
3 2,ᛒ,659752092
3 2,ᛉ,1341914970
3 2,ᛡ,254406472
3 2,ᚷ,1049584578
3 2,ᛈ,834408515
3 1,ᛡ,121123580
3 0,ᛉ,71929052
3 2,ᚪ,264912023
3 2,ᛟ,29181727
3 2,ᛂ,3283931
3 2,ᚫ,1117844
3 0,ᛝ,4349309
3 0,ᚫ,3972863
3 2,ᛇ,763811
3 1,ᚦ,27358
4 0,ᚪ,7047996781
4 1,ᛋ,1542843944
4 2,ᛋ,21422608769
4 3,ᛏ,22065709137
4 0,ᛞ,7294795824
4 1,ᚩ,38248113092
4 2,ᚾ,13309449410
4 0,ᚳ,11268605851
4 1,ᚪ,42064321575
4 0,ᚷ,5573257563
4 2,ᚢ,16588715081
4 3,ᚾ,16978966390
4 1,ᛞ,561358869
4 2,ᛂ,12074285
4 1,ᚱ,15874788577
4 2,ᛗ,10785138293
4 3,ᛞ,15116309573
4 0,ᚻ,15656654666
4 2,ᛝ,957876027
4 0,ᚩ,8957768603
4 1,ᛒ,476731190
4 2,ᛞ,5739476032
4 0,ᛈ,6376552618
4 1,ᛁ,25882126368
4 2,ᚷ,2074186587
4 0,ᛗ,17692345156
4 2,ᛉ,889437089
4 0,ᚢ,6663052212
4 0,ᛚ,12661877233
4 1,ᛖ,38954669387
4 2,ᛏ,7793745589
4 3,ᛋ,11507612054
4 0,ᚠ,17593339283
4 2,ᚳ,14301379796
4 1,ᛠ,7171385768
4 2,ᛈ,1820839096
4 0,ᚹ,22371679728
4 0,ᚱ,5659220256
4 0,ᛒ,10743220462
4 2,ᚩ,18570847294
4 0,ᛋ,20074608293
4 2,ᛚ,20100016315
4 0,ᛖ,3059341590
4 2,ᚹ,1858686955
4 3,ᚣ,10962325661
4 1,ᚢ,16039706178
4 2,ᚱ,31114173155
4 1,ᚻ,7209633126
4 2,ᛖ,24551413478
4 0,ᛏ,10083871590
4 2,ᚣ,1789629478
4 1,ᚠ,19069132
4 2,ᚠ,2388628972
4 1,ᛟ,82540176
4 2,ᛒ,529567632
4 0,ᛁ,3413743063
4 2,ᚪ,6037673512
4 1,ᚹ,686727300
4 2,ᛠ,3304205196
4 0,ᛠ,597059692
4 1,ᚾ,7756355435
4 1,ᛚ,5475823001
4 0,ᚦ,15573706473
4 1,ᛡ,176403845
4 0,ᚣ,4613090834
4 1,ᚳ,881182248
4 2,ᚻ,694726038
4 0,ᛡ,14869178
4 1,ᚣ,1000899138
4 3,ᚪ,1300294816
4 0,ᚾ,4046808044
4 2,ᛁ,11429405815
4 2,ᚦ,560878094
4 3,ᚦ,4138546696
4 0,ᛝ,7134796
4 0,ᛂ,2522004184
4 2,ᛡ,978084264
4 1,ᚷ,260839835
4 0,ᛟ,315
4 1,ᛝ,759229314
4 1,ᛈ,2392561164
4 1,ᛉ,184163508
4 1,ᛏ,1038137428
4 3,ᛗ,10939538925
4 2,ᚫ,916044
4 1,ᛗ,905823446
4 1,ᛂ,2899664
4 0,ᛇ,1912266
4 3,ᛒ,396605427
4 3,ᚻ,6833570338
4 3,ᛖ,60487969000
4 3,ᚩ,5078305763
4 3,ᚱ,15003565915
4 3,ᛝ,9970714382
4 3,ᚳ,8993450430
4 3,ᚠ,1262031072
4 3,ᛚ,11563936859
4 3,ᚹ,2837864997
4 3,ᛈ,2430380523
4 1,ᚦ,3711996330
4 1,ᛇ,283393956
4 3,ᛡ,682760126
4 3,ᛁ,381760216
4 0,ᛉ,50728638
4 3,ᚷ,297742097
4 2,ᛟ,40778510
4 3,ᚢ,131586138
4 3,ᛠ,47724880
4 3,ᛉ,139620050
4 3,ᛇ,62267468
4 3,ᛟ,14201247
4 3,ᚫ,18690704
4 1,ᚫ,2398965
4 0,ᚫ,26876767
4 2,ᛇ,1565153
4 3,ᛂ,2071075
5 0,ᚹ,23215899261
5 1,ᚻ,19294972972
5 2,ᛁ,19952988130
5 3,ᚳ,18584307623
5 4,ᚻ,10446530438
5 0,ᚪ,10903107785
5 1,ᚠ,2599745584
5 2,ᛏ,10939844700
5 3,ᛖ,33273748605
5 4,ᚱ,17332472956
5 1,ᛁ,18150712101
5 2,ᚦ,3466484869
5 3,ᛁ,7366615791
5 4,ᚾ,12184550677
5 2,ᛖ,10752259042
5 3,ᚱ,9884902981
5 4,ᛖ,27277528051
5 0,ᚢ,5540101224
5 1,ᚾ,5344565520
5 2,ᛞ,5933495099
5 1,ᛒ,2668642205
5 2,ᚩ,14805507268
5 3,ᚢ,6791228540
5 4,ᛏ,15221640268
5 0,ᚳ,14428308121
5 1,ᚱ,13359620664
5 2,ᛠ,1310772858
5 3,ᛏ,9779413155
5 0,ᚠ,10381385986
5 1,ᚩ,30519030763
5 2,ᚢ,18579066557
5 3,ᚾ,8788195378
5 4,ᛞ,17144709819
5 0,ᚦ,2175657575
5 3,ᚷ,3349863334
5 0,ᚷ,5872114112
5 1,ᚹ,1722023429
5 3,ᛚ,19984382637
5 0,ᛗ,7490692609
5 1,ᚪ,21500367973
5 2,ᚳ,5016412898
5 4,ᛋ,25275225897
5 0,ᛋ,21487947976
5 3,ᚹ,3203775927
5 4,ᛝ,11490967904
5 2,ᚾ,8676292252
5 1,ᛏ,6914534098
5 4,ᛚ,11040050585
5 2,ᚱ,15357736628
5 3,ᛗ,2611566735
5 0,ᛒ,8291939969
5 1,ᚢ,7515380894
5 2,ᚪ,17334763333
5 0,ᛈ,10216943005
5 1,ᛇ,1449082879
5 2,ᛈ,3914807798
5 0,ᛖ,4176076009
5 0,ᛏ,7881835947
5 2,ᛒ,1807892666
5 2,ᛗ,3975166840
5 0,ᚩ,3525546352
5 2,ᚠ,606857410
5 1,ᛚ,7495197984
5 3,ᛋ,9886516252
5 2,ᛚ,7372378869
5 0,ᚻ,4860528655
5 3,ᛞ,5860653136
5 0,ᚱ,6859682748
5 0,ᛂ,1457116126
5 1,ᛖ,12367035932
5 0,ᛁ,1769407410
5 1,ᛋ,1572360478
5 2,ᛋ,5941719477
5 0,ᚾ,3333772189
5 1,ᛠ,3313557559
5 4,ᚣ,8440447676
5 1,ᚷ,913332217
5 3,ᚣ,473948826
5 1,ᛞ,753651090
5 3,ᛈ,1683665238
5 3,ᚩ,5526034684
5 4,ᚹ,565551211
5 2,ᚣ,1098849807
5 3,ᛒ,689974620
5 1,ᛈ,2855485854
5 3,ᚪ,6994116505
5 0,ᛚ,8396422538
5 2,ᚷ,5386324990
5 3,ᚻ,3757914874
5 2,ᛝ,631409608
5 4,ᛈ,1049668246
5 0,ᚣ,308643019
5 0,ᛞ,3380304323
5 2,ᛂ,448022495
5 2,ᛉ,846938353
5 3,ᚦ,1041806922
5 3,ᛠ,1150096336
5 4,ᚦ,691020730
5 4,ᚳ,3277535689
5 3,ᛡ,3527262013
5 4,ᛗ,854595131
5 4,ᚪ,1205872036
5 3,ᛝ,1123422421
5 1,ᛗ,1681939956
5 1,ᚦ,619862820
5 1,ᛉ,380195344
5 0,ᛠ,374633310
5 2,ᚹ,1980258737
5 1,ᚳ,2080328491
5 3,ᛇ,212924188
5 4,ᚠ,1125409443
5 3,ᚠ,699055599
5 4,ᛉ,241957505
5 1,ᚣ,552336187
5 1,ᛝ,460829907
5 4,ᛒ,74705680
5 2,ᚻ,107232439
5 4,ᛡ,321827504
5 1,ᛟ,103144196
5 3,ᚫ,74623697
5 4,ᚩ,560429124
5 0,ᛉ,33540056
5 4,ᛁ,209455715
5 4,ᚢ,210335604
5 4,ᚷ,42661164
5 1,ᛡ,188969069
5 4,ᛠ,54766588
5 2,ᛡ,145500774
5 3,ᛟ,43874052
5 4,ᛟ,26634849
5 1,ᚫ,22380601
5 1,ᛂ,2462644
5 0,ᛝ,4344387
5 2,ᛟ,4098891
5 0,ᚫ,3471751
5 0,ᛡ,25199532
5 4,ᚫ,25439963
5 3,ᛉ,20636575
5 3,ᛂ,17222767
5 4,ᛇ,9758958
5 2,ᚫ,4721201
5 2,ᛇ,3945422
5 0,ᛟ,3095076
5 0,ᛇ,4032360
6 0,ᚦ,2522286440
6 1,ᚱ,11497739912
6 2,ᚩ,10927008984
6 3,ᚢ,13394239485
6 4,ᚷ,3589229426
6 5,ᚻ,3864009744
6 0,ᚹ,5511362711
6 1,ᛁ,12160521819
6 2,ᚦ,1861656541
6 3,ᚩ,12009022647
6 4,ᚢ,5605887605
6 5,ᛏ,14105499255
6 0,ᛒ,8160630604
6 1,ᛖ,23200093224
6 2,ᚳ,8192416035
6 4,ᛗ,2681357983
6 5,ᛖ,18784378093
6 3,ᚪ,7764791471
6 2,ᚠ,4372212524
6 4,ᚱ,11910348306
6 0,ᚳ,12301637566
6 1,ᚪ,16860641705
6 2,ᛚ,9663353201
6 3,ᛚ,7729159115
6 4,ᛖ,39641860424
6 5,ᛞ,19980532325
6 1,ᚻ,6482472254
6 2,ᛖ,7512276680
6 3,ᚦ,2830450010
6 5,ᚱ,14860081761
6 0,ᚩ,3181185277
6 1,ᛒ,690345630
6 2,ᛏ,9796976850
6 4,ᛁ,5315077062
6 5,ᚾ,10723852516
6 0,ᛋ,20970706327
6 3,ᚹ,1144588684
6 2,ᛠ,1562739895
6 3,ᛏ,15299395047
6 4,ᛡ,4367677049
6 5,ᛗ,2502614614
6 0,ᛏ,4241048029
6 1,ᚩ,17242354062
6 2,ᚹ,2137343752
6 2,ᚢ,7435938446
6 3,ᚷ,3294625518
6 4,ᚻ,1956859674
6 1,ᛏ,5218663705
6 2,ᚪ,9290500501
6 5,ᛋ,22420236277
6 0,ᛗ,8208788909
6 2,ᚱ,16231874946
6 3,ᛖ,14984757653
6 4,ᛚ,12641145259
6 5,ᚣ,10158197449
6 0,ᚪ,10434484409
6 1,ᛚ,6286504206
6 4,ᚣ,1053732000
6 1,ᚠ,1846230851
6 0,ᚠ,7213611294
6 3,ᛗ,3564064171
6 0,ᛈ,9671089154
6 3,ᚣ,368804030
6 5,ᛝ,7620601810
6 4,ᚾ,9173679392
6 1,ᚢ,10152255814
6 2,ᛁ,8835077563
6 4,ᛞ,3698804421
6 0,ᛁ,3801913262
6 1,ᛋ,2008425110
6 2,ᛋ,9735066132
6 0,ᚱ,7957462973
6 1,ᛠ,2268536658
6 3,ᚻ,2525399568
6 2,ᛗ,7373553640
6 4,ᛋ,5758957824
6 3,ᚱ,6333312949
6 3,ᛈ,3007281296
6 1,ᚾ,7869638701
6 2,ᛞ,3555185310
6 1,ᚳ,3114509267
6 2,ᛒ,2921562897
6 5,ᚠ,893976140
6 0,ᚢ,4869245729
6 2,ᚻ,1486857634
6 3,ᛁ,12284381644
6 3,ᛋ,5708576228
6 2,ᚣ,845486590
6 0,ᛖ,6710347728
6 1,ᛉ,1916421640
6 4,ᛈ,1955938467
6 4,ᚳ,7801226735
6 1,ᛈ,2804581419
6 3,ᚳ,6090666761
6 3,ᚾ,7566022280
6 4,ᚦ,494971469
6 2,ᚾ,7031796933
6 0,ᚾ,3857710878
6 3,ᛞ,4509368042
6 4,ᚩ,6423195984
6 5,ᚹ,1283640639
6 4,ᛏ,7150631246
6 4,ᛠ,727638715
6 1,ᚣ,1357113421
6 2,ᚷ,3023388151
6 0,ᛞ,5393640498
6 2,ᛈ,3634444389
6 0,ᚷ,3374611493
6 1,ᛗ,1463865379
6 3,ᛠ,1432539218
6 4,ᚫ,90788066
6 5,ᛚ,5974546585
6 0,ᚻ,3103766734
6 1,ᛞ,765259518
6 4,ᚹ,375208940
6 0,ᛂ,813826243
6 0,ᚣ,300235454
6 5,ᚳ,2158398484
6 0,ᛚ,5424749889
6 3,ᛒ,3035918953
6 3,ᚠ,858091434
6 1,ᛝ,1076134275
6 4,ᚪ,4383261877
6 2,ᛂ,424186066
6 4,ᛝ,1028110162
6 4,ᛇ,54374252
6 5,ᛉ,209723685
6 1,ᚹ,954428341
6 5,ᚪ,1287768628
6 3,ᛇ,190238569
6 5,ᛈ,221619679
6 5,ᚩ,457948360
6 5,ᚦ,311298135
6 3,ᛝ,687562928
6 0,ᛠ,435678749
6 1,ᚷ,611048767
6 4,ᛒ,294712593
6 2,ᛉ,375879810
6 1,ᛇ,237602209
6 4,ᚠ,292456949
6 3,ᛡ,1828975735
6 5,ᛒ,49430069
6 1,ᛡ,334946756
6 5,ᛡ,356497436
6 5,ᛁ,164987649
6 2,ᛡ,98930911
6 0,ᛉ,13293748
6 2,ᛝ,160205364
6 4,ᛉ,24154568
6 5,ᚢ,58729978
6 2,ᛟ,33565897
6 4,ᛟ,26347861
6 5,ᚷ,28897014
6 1,ᚦ,79432576
6 3,ᛂ,23173909
6 1,ᛂ,2178829
6 0,ᛝ,22302445
6 3,ᛉ,34743643
6 5,ᚫ,8421639
6 5,ᛠ,34019260
6 1,ᛟ,19004846
6 5,ᛇ,3257859
6 0,ᛟ,5893981
6 3,ᚫ,22602745
6 0,ᚫ,17120851
6 1,ᚫ,3294268
6 4,ᛂ,6610853
6 2,ᚫ,3208786
6 5,ᛟ,1080079
6 2,ᛇ,1550734
6 3,ᛟ,1491429
6 0,ᛡ,5594117
6 0,ᛇ,19670
7 0,ᛒ,7405964937
7 1,ᛖ,27288196199
7 2,ᚳ,11129217913
7 3,ᚪ,9176782945
7 4,ᚢ,9972311566
7 5,ᛋ,9032170632
7 6,ᛖ,18420733442
7 0,ᛈ,12900844726
7 1,ᚱ,13015754373
7 2,ᚩ,6884951269
7 3,ᚢ,8852514417
7 4,ᛁ,12526503207
7 5,ᛞ,4883024672
7 0,ᚪ,9782690154
7 1,ᚷ,1045690541
7 2,ᚪ,7416490663
7 3,ᛁ,12428061922
7 4,ᚾ,8209618649
7 6,ᛏ,11823823517
7 0,ᛁ,4133293900
7 1,ᚾ,5077669062
7 3,ᛚ,7148110099
7 6,ᛝ,7940690435
7 0,ᚻ,4661278345
7 1,ᚩ,18588971665
7 2,ᚹ,2302963327
7 3,ᛖ,14464956309
7 5,ᛖ,26405073021
7 6,ᚱ,7049878076
7 3,ᛞ,3161207419
7 5,ᚳ,7732733713
7 2,ᛏ,8571378456
7 3,ᚹ,2789519268
7 4,ᛖ,20099417107
7 6,ᚾ,11618027836
7 3,ᚩ,6492405357
7 4,ᛗ,2020132675
7 6,ᛋ,22082732142
7 0,ᛞ,6052480770
7 2,ᚢ,8082164795
7 4,ᛚ,6237329323
7 5,ᚩ,2874157851
7 6,ᛈ,266187605
7 0,ᚱ,8832447473
7 5,ᚱ,12333974143
7 1,ᛚ,4103218862
7 2,ᚦ,1105021897
7 5,ᚷ,3701559550
7 6,ᚻ,2399706860
7 5,ᚢ,3861397635
7 0,ᚠ,6421583912
7 2,ᛚ,7471909451
7 4,ᚩ,7263951062
7 5,ᚹ,1457299775
7 2,ᛖ,6823899620
7 3,ᛋ,6757148304
7 5,ᚾ,10359404088
7 0,ᛖ,5802565386
7 1,ᛉ,2198528359
7 3,ᛗ,3408016077
7 4,ᛈ,1532661835
7 5,ᛚ,6907419156
7 2,ᚱ,13691880584
7 3,ᚻ,1836835128
7 4,ᚪ,10583849504
7 5,ᛈ,878908678
7 0,ᚳ,15906962494
7 2,ᚾ,9104325936
7 3,ᛏ,11049459798
7 5,ᛁ,4344482502
7 0,ᛏ,3203702959
7 4,ᚱ,13332817479
7 1,ᛁ,8654660864
7 2,ᛗ,5742077791
7 6,ᚠ,653682598
7 0,ᛋ,13413277513
7 1,ᚢ,8709127025
7 2,ᛈ,5288661479
7 3,ᛈ,5122136516
7 1,ᚻ,2741155354
7 4,ᛏ,10870166817
7 1,ᛞ,1327724192
7 6,ᛞ,14102852300
7 3,ᚱ,8667702705
7 0,ᚢ,3164040382
7 1,ᛋ,1213276350
7 6,ᚣ,10255273902
7 0,ᚩ,3108092880
7 1,ᚠ,1587989873
7 2,ᚠ,2970359949
7 1,ᚳ,2922628778
7 2,ᚻ,1124464321
7 4,ᚷ,1896829463
7 5,ᚻ,748746808
7 1,ᛈ,2051367409
7 2,ᚷ,2734452914
7 3,ᚷ,2001790573
7 1,ᛒ,789414198
7 4,ᛒ,1189534585
7 3,ᚠ,1862068112
7 6,ᛗ,2155357549
7 2,ᛋ,8560770687
7 4,ᚳ,4934704346
7 0,ᚷ,3410484503
7 3,ᚾ,5005591114
7 1,ᚪ,13409291150
7 2,ᛞ,3033950013
7 5,ᛡ,6260120160
7 4,ᚦ,489652891
7 1,ᛗ,1911685081
7 5,ᛏ,8060025066
7 0,ᚹ,2443109166
7 2,ᛁ,6608241494
7 3,ᛠ,1399958959
7 1,ᛏ,2900480953
7 2,ᛂ,347964301
7 4,ᚣ,402009783
7 0,ᛗ,5567375411
7 1,ᚹ,1493872393
7 5,ᚦ,257522830
7 4,ᚹ,761444321
7 4,ᛞ,2289788989
7 5,ᚪ,10131399634
7 6,ᛚ,10477092945
7 6,ᚩ,585305078
7 3,ᚳ,6295338177
7 0,ᚾ,2664887391
7 5,ᛒ,244737972
7 3,ᛇ,124724803
7 0,ᛂ,1138383552
7 5,ᚠ,317525569
7 0,ᛚ,3002476629
7 2,ᛒ,1889215254
7 1,ᛠ,1260558418
7 5,ᚣ,322358301
7 6,ᚪ,987099150
7 4,ᛋ,3946129418
7 3,ᛂ,844207868
7 0,ᚣ,74705966
7 4,ᛡ,1397953990
7 5,ᛗ,1515582326
7 3,ᛒ,2014623286
7 2,ᛝ,690400104
7 1,ᚣ,797608267
7 4,ᚻ,1392567068
7 6,ᚹ,201658658
7 4,ᛝ,373291478
7 6,ᚳ,1671494946
7 3,ᛡ,1777001291
7 0,ᚦ,616940185
7 5,ᛝ,530681480
7 6,ᛡ,560709394
7 6,ᚦ,112535247
7 2,ᚣ,759765737
7 4,ᛠ,855578991
7 2,ᛠ,742654172
7 5,ᛉ,126654058
7 5,ᛇ,30679827
7 1,ᛝ,152309625
7 1,ᛡ,404734637
7 4,ᚠ,1133259873
7 1,ᛟ,23065409
7 6,ᛉ,236388166
7 3,ᚦ,719653959
7 4,ᛉ,67355832
7 2,ᛉ,636184549
7 5,ᛠ,458903111
7 6,ᛒ,25717160
7 3,ᚣ,243787104
7 6,ᚷ,54779843
7 1,ᛇ,104385475
7 5,ᛟ,52896635
7 2,ᛇ,25446102
7 0,ᛉ,2711630
7 6,ᛁ,103721847
7 2,ᛡ,88493076
7 3,ᛝ,150258050
7 6,ᚢ,19806999
7 0,ᛠ,74431231
7 4,ᛇ,33794348
7 3,ᚫ,5367206
7 3,ᛉ,30921649
7 1,ᚦ,46207722
7 6,ᚫ,21170408
7 6,ᛟ,814051
7 4,ᛟ,5662361
7 1,ᛂ,8018974
7 0,ᛝ,15509450
7 4,ᚫ,9314196
7 4,ᛂ,2636343
7 0,ᚫ,28854333
7 6,ᛠ,3017236
7 2,ᛟ,2197176
7 1,ᚫ,2676292
7 5,ᚫ,737893
7 0,ᛡ,962338
7 2,ᚫ,764470
7 0,ᛟ,187816
7 3,ᛟ,119085
7 0,ᛇ,22068
7 5,ᛂ,90414
7 6,ᛇ,10110
8 0,ᚹ,1259568440
8 1,ᚪ,7729010075
8 2,ᛋ,8149668011
8 3,ᚻ,1114502183
8 4,ᛝ,570347735
8 5,ᛏ,12166731767
8 6,ᚩ,2001253764
8 7,ᚾ,9446847795
8 0,ᛈ,11661374717
8 1,ᚱ,10706985594
8 2,ᚩ,6657703954
8 3,ᚢ,5979675029
8 4,ᛁ,12125301591
8 5,ᛞ,3176380515
8 6,ᛖ,25659264387
8 7,ᛋ,18871837664
8 0,ᚱ,6634028271
8 1,ᛖ,15026819589
8 2,ᚳ,6924392188
8 3,ᛖ,13332431637
8 5,ᚢ,4076418279
8 7,ᛞ,16500699320
8 0,ᚳ,11489444492
8 1,ᚩ,13269501505
8 2,ᚾ,7461324528
8 3,ᛏ,7806562976
8 4,ᚪ,7253733413
8 5,ᛁ,9848632549
8 6,ᚾ,7039883526
8 3,ᚹ,1201783304
8 5,ᚱ,6878207757
8 0,ᛗ,4785561162
8 2,ᛁ,4492648821
8 3,ᚾ,4013982662
8 4,ᛏ,6467449712
8 5,ᚪ,7483282211
8 6,ᛁ,4312061512
8 0,ᛁ,5524585407
8 1,ᚾ,6664497670
8 3,ᛚ,4781354975
8 4,ᚢ,5381561117
8 3,ᛞ,3518286433
8 5,ᚳ,5516416681
8 7,ᛝ,4135947637
8 0,ᚦ,1020833562
8 2,ᚱ,8924411773
8 4,ᚠ,1430932531
8 5,ᚩ,3691756120
8 6,ᚱ,6270962397
8 7,ᛖ,12356765579
8 2,ᛗ,4478438784
8 3,ᛈ,4845263774
8 4,ᚱ,10791004325
8 6,ᛋ,5049051179
8 2,ᛖ,6772855299
8 3,ᛋ,4931916461
8 4,ᛖ,8789913379
8 5,ᚾ,9135536379
8 6,ᛏ,9742812538
8 0,ᚪ,8915896653
8 1,ᛈ,2210989726
8 2,ᛈ,4515434423
8 4,ᚾ,6554825145
8 7,ᛉ,91160948
8 0,ᚩ,3422550846
8 1,ᛒ,1126719153
8 2,ᛏ,7372144272
8 3,ᚪ,5731136955
8 0,ᛞ,5850581487
8 2,ᚢ,4843730689
8 4,ᛚ,4559111532
8 6,ᛈ,313652382
8 7,ᚱ,4217379709
8 3,ᛒ,1287481622
8 5,ᛒ,2381653380
8 6,ᛚ,6504820035
8 7,ᚣ,9371299412
8 2,ᛞ,2554056517
8 3,ᛁ,10184889535
8 4,ᚳ,5506232764
8 3,ᚩ,4773588668
8 1,ᚻ,2824027370
8 2,ᚪ,4436157507
8 5,ᛗ,1874247341
8 6,ᚪ,6313276497
8 0,ᛋ,8754529263
8 1,ᚢ,6985382975
8 2,ᚷ,1582970047
8 3,ᚷ,1926688060
8 5,ᛋ,5196275482
8 1,ᚳ,3156498181
8 4,ᚩ,5695853403
8 0,ᛒ,2872398716
8 5,ᛚ,3081527769
8 6,ᚣ,371371558
8 2,ᚠ,1964269227
8 3,ᚠ,800806071
8 0,ᚠ,2798954082
8 2,ᛚ,5534855967
8 5,ᚹ,500574486
8 0,ᛖ,7470180499
8 3,ᚳ,5407861804
8 6,ᛒ,158642579
8 6,ᚳ,4695189880
8 0,ᚷ,1084517558
8 5,ᛖ,9140787621
8 2,ᚻ,620074766
8 4,ᛞ,2137735368
8 7,ᛏ,5996834394
8 4,ᚻ,1270032798
8 1,ᛏ,2448185884
8 3,ᛗ,2786081888
8 4,ᛈ,1085926077
8 1,ᛉ,2181837907
8 4,ᛒ,789061215
8 0,ᛚ,1277486709
8 5,ᚻ,1106720968
8 1,ᛋ,1080807329
8 4,ᚷ,1233341373
8 3,ᚱ,5996610437
8 3,ᛡ,518974094
8 1,ᛞ,1719425241
8 6,ᚠ,265281013
8 6,ᛗ,1195192749
8 6,ᛡ,6311577750
8 1,ᛗ,2292909185
8 5,ᚣ,579954698
8 4,ᛗ,2555746876
8 4,ᛡ,670089955
8 1,ᛁ,6885137152
8 0,ᚣ,97554272
8 4,ᛋ,4338948318
8 7,ᚠ,102668202
8 1,ᚦ,235805570
8 4,ᚹ,1335479581
8 4,ᚣ,688381404
8 0,ᚾ,1133133382
8 5,ᛡ,2925362330
8 7,ᚻ,497724458
8 3,ᛂ,338072854
8 1,ᚣ,600553040
8 2,ᛒ,1019905701
8 1,ᚹ,625460957
8 2,ᚦ,716564799
8 1,ᚠ,705038217
8 0,ᚢ,1716369832
8 5,ᚷ,1078806627
8 6,ᚢ,2973645215
8 6,ᚻ,420590429
8 6,ᛟ,16485332
8 0,ᛏ,1954061156
8 1,ᛚ,2225240057
8 7,ᚦ,260754191
8 2,ᚹ,570995117
8 2,ᛠ,654718060
8 7,ᚹ,79017934
8 5,ᚠ,1066213563
8 0,ᚻ,1601556010
8 7,ᛚ,5604059720
8 6,ᛞ,1203526701
8 2,ᛂ,581641283
8 3,ᛝ,88038903
8 1,ᛠ,350203643
8 5,ᛝ,203981923
8 3,ᛠ,141388304
8 0,ᛂ,564333245
8 5,ᛈ,655222136
8 1,ᛝ,343189476
8 6,ᛝ,160937087
8 7,ᛡ,225022043
8 4,ᛠ,653012205
8 7,ᚳ,2791095750
8 6,ᛠ,134677863
8 2,ᚣ,653880711
8 6,ᚷ,665449857
8 7,ᚪ,376070659
8 7,ᛗ,620428578
8 1,ᚷ,228330911
8 2,ᛝ,221300236
8 2,ᛉ,232551689
8 7,ᚩ,142482716
8 7,ᛁ,96493403
8 1,ᛡ,285982553
8 3,ᚣ,116730381
8 6,ᚦ,45631111
8 7,ᚢ,22493518
8 6,ᚹ,149442484
8 5,ᚦ,50853731
8 1,ᛇ,74308482
8 5,ᛠ,47686509
8 5,ᛉ,53041630
8 4,ᚦ,59963431
8 7,ᛈ,132973472
8 5,ᛇ,67195425
8 3,ᚦ,280836094
8 7,ᚷ,29324919
8 0,ᛠ,47666283
8 4,ᛟ,9129220
8 2,ᛟ,5856290
8 3,ᛉ,59419723
8 0,ᚫ,25258255
8 7,ᛒ,4768470
8 0,ᛝ,9988498
8 6,ᛉ,9381554
8 2,ᛇ,4379578
8 4,ᛉ,26887681
8 2,ᚫ,10712962
8 3,ᛟ,3909502
8 3,ᛇ,16269221
8 7,ᚫ,4696085
8 0,ᛡ,12038711
8 7,ᛠ,4385854
8 2,ᛡ,29592122
8 0,ᛉ,1721365
8 4,ᛂ,1812877
8 7,ᛟ,4002891
8 6,ᛇ,1041298
8 3,ᚫ,2691771
8 6,ᚫ,1057750
8 4,ᛇ,4934206
8 1,ᚫ,1302163
8 1,ᛂ,1892955
8 6,ᛂ,1074894
8 1,ᛟ,1192761
8 4,ᚫ,486089
8 5,ᛂ,850297
8 5,ᛟ,1356167
8 0,ᛟ,1062448
8 5,ᚫ,1560980
9 0,ᚳ,10984373344
9 1,ᚪ,3828665639
9 2,ᛗ,5008385574
9 3,ᛒ,545661555
9 4,ᚱ,7409613815
9 5,ᛁ,6526608883
9 6,ᛞ,1685460556
9 7,ᚷ,1036915471
9 8,ᛖ,10850181614
9 0,ᛈ,9161706844
9 1,ᚱ,7699051407
9 2,ᛁ,2315550779
9 3,ᚾ,3495876131
9 4,ᚳ,4227297799
9 5,ᛖ,4629402376
9 6,ᛏ,12490514933
9 7,ᚩ,1020012224
9 8,ᚾ,8355326823
9 0,ᚪ,6389821924
9 1,ᛞ,1019642980
9 2,ᛞ,2073244652
9 3,ᛁ,6556390625
9 4,ᛏ,4550334578
9 5,ᛡ,2045313425
9 6,ᚾ,5095365035
9 7,ᚪ,3551576087
9 8,ᛚ,4135779148
9 0,ᛏ,1873583437
9 1,ᛖ,11845680084
9 2,ᚳ,4456262386
9 3,ᚻ,970333199
9 4,ᚾ,3272092099
9 6,ᚳ,3473595550
9 0,ᛋ,6019759227
9 1,ᛗ,1858551419
9 3,ᚦ,103646176
9 4,ᛋ,3360106074
9 5,ᚩ,1577229120
9 7,ᛡ,8163796598
9 2,ᚱ,5664713790
9 3,ᛋ,3652659500
9 4,ᚩ,3174342505
9 5,ᚾ,5483586679
9 7,ᛖ,17183052611
9 2,ᚪ,4315359738
9 3,ᚳ,4831564317
9 0,ᛗ,2034565623
9 1,ᚢ,4440664642
9 2,ᚾ,6028282253
9 6,ᛈ,880193876
9 1,ᚩ,11814319241
9 2,ᛚ,3480300530
9 0,ᛁ,4794750856
9 1,ᚾ,5238026255
9 2,ᛋ,6661891500
9 3,ᚢ,4488754643
9 5,ᚪ,8744784112
9 7,ᚳ,3180262776
9 4,ᛚ,4123176917
9 6,ᛒ,1820397835
9 7,ᛚ,5733089115
9 0,ᚷ,1285443398
9 1,ᛇ,236362065
9 3,ᚷ,860554807
9 4,ᛖ,10787809180
9 5,ᛏ,8648056616
9 6,ᚩ,2814800293
9 7,ᚹ,135569774
9 3,ᛖ,9757433591
9 4,ᚠ,706647343
9 5,ᚢ,2257170573
9 6,ᛚ,2635492830
9 8,ᚣ,7377545215
9 0,ᛖ,5328816431
9 1,ᛉ,1963773340
9 2,ᛖ,4137739269
9 4,ᚢ,4524556556
9 6,ᛁ,7836621739
9 7,ᚢ,2840544560
9 3,ᛈ,2653026725
9 5,ᚱ,5118219494
9 6,ᚪ,5692229761
9 7,ᛏ,4625097430
9 2,ᚩ,3972454092
9 4,ᛁ,8670057716
9 0,ᚱ,3260848469
9 3,ᚩ,5038091762
9 8,ᛋ,12111294854
9 3,ᚪ,2229702158
9 4,ᛗ,1488595388
9 6,ᚢ,2962994288
9 7,ᚾ,8857425084
9 8,ᛏ,6505336181
9 2,ᛈ,4834221599
9 0,ᚾ,1417920731
9 5,ᛋ,6320641452
9 7,ᚱ,5236720760
9 0,ᛞ,5664801562
9 1,ᛁ,4853583042
9 2,ᚠ,2828821674
9 3,ᚠ,1951349724
9 6,ᛖ,7192891063
9 3,ᚱ,4860846826
9 4,ᚷ,1654434094
9 0,ᚻ,861603894
9 5,ᛞ,1996596904
9 3,ᛞ,2150742214
9 5,ᚳ,4110126998
9 3,ᛗ,3467992671
9 0,ᚢ,1241520457
9 3,ᛏ,4995480442
9 4,ᛒ,476432108
9 6,ᚱ,2288259441
9 8,ᚻ,340449001
9 4,ᚪ,3809864071
9 8,ᛡ,288719864
9 3,ᚹ,616391620
9 1,ᚠ,636244939
9 1,ᛏ,1624408862
9 6,ᚷ,400325417
9 7,ᛁ,1395011524
9 8,ᚳ,1001246315
9 1,ᛒ,539210799
9 5,ᛈ,765906140
9 2,ᚷ,1542240123
9 1,ᛚ,1558555411
9 4,ᚹ,509977070
9 5,ᚻ,963964992
9 6,ᛋ,5013151956
9 8,ᚱ,2013323727
9 6,ᚻ,839592544
9 3,ᛡ,85136181
9 4,ᛞ,1330660291
9 8,ᚪ,303235442
9 0,ᚩ,1588768043
9 8,ᛗ,696858548
9 3,ᚣ,106237144
9 7,ᚻ,238562208
9 2,ᛏ,4108300727
9 5,ᛚ,2499866835
9 1,ᛋ,1937786451
9 8,ᛞ,10468886157
9 0,ᚠ,1645150459
9 1,ᛠ,419227639
9 1,ᚻ,1266059971
9 0,ᛚ,802799297
9 7,ᛈ,291868073
9 0,ᛒ,813166985
9 7,ᛞ,865537063
9 8,ᛝ,1827405459
9 6,ᚠ,188541021
9 1,ᚳ,1152801120
9 5,ᛗ,2772205503
9 2,ᚢ,2698718180
9 0,ᚦ,773893765
9 5,ᚷ,426042307
9 0,ᚹ,757885955
9 1,ᛈ,1691201619
9 6,ᛡ,1957594047
9 1,ᛡ,146215141
9 2,ᛒ,1133865717
9 3,ᛚ,3059491107
9 7,ᚣ,98502878
9 4,ᛡ,541526303
9 5,ᚹ,377530582
9 5,ᚣ,376425765
9 7,ᛋ,1752982825
9 1,ᚹ,391140815
9 5,ᚠ,796913598
9 2,ᚹ,497309007
9 4,ᛈ,1066693220
9 4,ᚣ,208617714
9 7,ᚠ,209376658
9 8,ᚠ,177514517
9 2,ᚻ,390527435
9 7,ᛒ,41721138
9 8,ᛈ,164520747
9 4,ᛠ,116720607
9 7,ᛠ,82911892
9 7,ᛝ,167373166
9 8,ᚦ,160442726
9 4,ᛉ,39997848
9 6,ᛗ,1052121129
9 7,ᛗ,276419344
9 4,ᚻ,719331082
9 1,ᚣ,409893680
9 6,ᛝ,248097667
9 2,ᛂ,216477919
9 3,ᛝ,62824921
9 2,ᚦ,271577021
9 5,ᛠ,62432388
9 8,ᚩ,97584522
9 5,ᛒ,375219821
9 1,ᚷ,368095791
9 6,ᚦ,85376775
9 2,ᚣ,143422622
9 0,ᛂ,194765635
9 3,ᛠ,211338300
9 4,ᚦ,102022967
9 3,ᛉ,108588583
9 4,ᚫ,3548874
9 4,ᛝ,121323512
9 2,ᛝ,52890107
9 8,ᚹ,66876249
9 6,ᛠ,33671279
9 6,ᛇ,41924254
9 8,ᛁ,36616068
9 1,ᛝ,78174372
9 2,ᛉ,72664861
9 8,ᚷ,20210256
9 3,ᛂ,141921929
9 2,ᛠ,82366777
9 1,ᚦ,2019802
9 0,ᚣ,88996927
9 6,ᚣ,165439057
9 0,ᛠ,11394071
9 4,ᛂ,10654706
9 4,ᛇ,18033547
9 6,ᚹ,90665616
9 3,ᛇ,13161149
9 8,ᛒ,3299554
9 5,ᚦ,53715449
9 2,ᛡ,27646131
9 2,ᚫ,2941514
9 6,ᛉ,38609109
9 0,ᛝ,21015926
9 7,ᚦ,28565494
9 2,ᛟ,1983062
9 7,ᛟ,6307454
9 5,ᛉ,17298404
9 5,ᚫ,2341098
9 5,ᛟ,20712176
9 8,ᛇ,1926427
9 8,ᛉ,8221849
9 1,ᚫ,1240783
9 1,ᛂ,4204127
9 5,ᛂ,2028468
9 5,ᛝ,51073162
9 3,ᛟ,4288822
9 3,ᚫ,6755931
9 5,ᛇ,4829433
9 2,ᛇ,6083714
9 8,ᚢ,9819182
9 0,ᛉ,1093483
9 8,ᛠ,1473292
9 6,ᚫ,1592035
9 0,ᛡ,2563956
9 7,ᚫ,4766029
9 7,ᛉ,1580066
9 0,ᚫ,3303800
9 8,ᚫ,1421391
9 1,ᛟ,1441317
9 8,ᛟ,727625
9 0,ᛟ,1928254
9 4,ᛟ,1774769
9 7,ᛇ,694451
9 6,ᛟ,261012
9 6,ᛂ,462635
